{
  "dataset": "MONK1",
  "timestamp": "2025-12-04 12:11:44",
  "search_time_seconds": 171.1377398967743,
  "best_parameters": {
    "learning_rate": 0.25,
    "hidden_neurons": 8,
    "epochs": 500,
    "cv_seed": 42
  },
  "cross_validation": {
    "accuracy_mean": 95.83333333333334,
    "accuracy_std": 6.454972243679024,
    "confidence_95_lower": 83.18158773572246,
    "confidence_95_upper": 108.48507893094423
  },
  "test_set_final": {
    "accuracy_mean": 98.68055555555556,
    "accuracy_std": 2.372092292680273,
    "accuracy_median": 99.4212962962963,
    "accuracy_min": 91.66666666666666,
    "accuracy_max": 100.0,
    "all_accuracies": [
      99.30555555555556,
      99.53703703703704,
      100.0,
      99.07407407407408,
      98.61111111111111,
      91.66666666666666,
      99.53703703703704,
      99.76851851851852,
      100.0,
      99.30555555555556
    ],
    "confidence_95_lower": 94.03125466190222,
    "confidence_95_upper": 103.32985644920889
  },
  "data_info": {
    "training_samples": 124,
    "test_samples": 432,
    "input_features": 6,
    "normalization": "range [-1, 1]"
  }
}