{
  "timestamp": "2025-12-07 22:45:01",
  "n_trials": 300,
  "best_params": {
    "learning_rate": 0.025750000000000002,
    "hidden_neurons": 4,
    "epochs": 700
  },
  "accuracies": [
    100.0,
    99.76851851851852,
    100.0,
    99.53703703703704,
    100.0,
    98.8425925925926,
    100.0,
    100.0,
    100.0,
    100.0,
    100.0,
    98.14814814814815,
    100.0,
    100.0,
    100.0,
    100.0,
    98.14814814814815,
    100.0,
    100.0,
    100.0,
    100.0,
    100.0,
    100.0,
    100.0,
    98.61111111111111,
    100.0,
    100.0,
    100.0,
    100.0,
    100.0,
    100.0,
    100.0,
    100.0,
    100.0,
    100.0,
    100.0,
    100.0,
    100.0,
    100.0,
    100.0,
    100.0,
    100.0,
    100.0,
    100.0,
    100.0,
    100.0,
    100.0,
    100.0,
    100.0,
    100.0,
    100.0,
    98.61111111111111,
    100.0,
    100.0,
    100.0,
    100.0,
    100.0,
    100.0,
    100.0,
    100.0,
    100.0,
    100.0,
    100.0,
    100.0,
    100.0,
    100.0,
    100.0,
    100.0,
    100.0,
    100.0,
    100.0,
    100.0,
    98.14814814814815,
    100.0,
    100.0,
    100.0,
    100.0,
    100.0,
    100.0,
    100.0,
    100.0,
    100.0,
    100.0,
    100.0,
    100.0,
    100.0,
    100.0,
    100.0,
    100.0,
    100.0,
    100.0,
    100.0,
    100.0,
    100.0,
    100.0,
    100.0,
    100.0,
    100.0,
    100.0,
    100.0,
    100.0,
    100.0,
    98.14814814814815,
    100.0,
    100.0,
    100.0,
    100.0,
    100.0,
    100.0,
    100.0,
    100.0,
    100.0,
    100.0,
    100.0,
    100.0,
    100.0,
    100.0,
    100.0,
    100.0,
    100.0,
    100.0,
    98.14814814814815,
    100.0,
    100.0,
    100.0,
    100.0,
    100.0,
    100.0,
    98.14814814814815,
    100.0,
    100.0,
    100.0,
    100.0,
    100.0,
    100.0,
    100.0,
    100.0,
    100.0,
    100.0,
    100.0,
    100.0,
    100.0,
    100.0,
    100.0,
    100.0,
    98.14814814814815,
    100.0,
    100.0,
    100.0,
    100.0,
    100.0,
    100.0,
    100.0,
    100.0,
    100.0,
    100.0,
    100.0,
    100.0,
    100.0,
    100.0,
    100.0,
    100.0,
    100.0,
    98.14814814814815,
    100.0,
    100.0,
    100.0,
    100.0,
    100.0,
    100.0,
    100.0,
    100.0,
    100.0,
    100.0,
    100.0,
    100.0,
    100.0,
    94.44444444444444,
    100.0,
    100.0,
    100.0,
    100.0,
    100.0,
    100.0,
    100.0,
    100.0,
    100.0,
    100.0,
    100.0,
    100.0,
    100.0,
    97.91666666666666,
    100.0,
    100.0,
    100.0,
    100.0,
    100.0,
    100.0,
    100.0,
    100.0,
    100.0,
    100.0,
    100.0,
    100.0,
    100.0,
    100.0,
    100.0,
    100.0,
    100.0,
    100.0,
    100.0,
    98.8425925925926,
    100.0,
    100.0,
    100.0,
    98.14814814814815,
    100.0,
    98.14814814814815,
    100.0,
    100.0,
    100.0,
    100.0,
    100.0,
    100.0,
    100.0,
    100.0,
    100.0,
    100.0,
    100.0,
    100.0,
    100.0,
    100.0,
    100.0,
    100.0,
    100.0,
    100.0,
    100.0,
    100.0,
    98.14814814814815,
    100.0,
    100.0,
    100.0,
    98.14814814814815,
    100.0,
    100.0,
    98.61111111111111,
    100.0,
    100.0,
    100.0,
    100.0,
    100.0,
    100.0,
    100.0,
    100.0,
    100.0,
    100.0,
    100.0,
    100.0,
    100.0,
    100.0,
    100.0,
    100.0,
    100.0,
    100.0,
    100.0,
    100.0,
    100.0,
    100.0,
    98.14814814814815,
    100.0,
    100.0,
    100.0,
    100.0,
    100.0,
    100.0,
    100.0,
    98.14814814814815,
    100.0,
    100.0,
    100.0,
    99.53703703703704,
    100.0,
    100.0,
    100.0,
    100.0,
    100.0,
    100.0,
    100.0,
    100.0,
    100.0,
    100.0,
    100.0,
    100.0,
    100.0,
    100.0,
    100.0,
    100.0,
    100.0,
    100.0,
    98.14814814814815
  ],
  "times": [
    11.754586219787598,
    11.44776439666748,
    11.51366639137268,
    11.704949855804443,
    11.028421401977539,
    11.539220571517944,
    11.290832281112671,
    10.98909878730774,
    11.035348892211914,
    10.894087791442871,
    11.48973560333252,
    11.510107517242432,
    11.444036960601807,
    11.252541780471802,
    11.232213258743286,
    11.57420802116394,
    11.628018856048584,
    11.323352098464966,
    11.485919952392578,
    11.799092054367065,
    10.940143823623657,
    11.02571439743042,
    11.048866748809814,
    11.646071672439575,
    11.313969373703003,
    10.9579176902771,
    11.288126230239868,
    11.0496666431427,
    10.817266941070557,
    10.50132155418396,
    10.459712028503418,
    10.558744192123413,
    10.919743061065674,
    10.705629825592041,
    10.750305414199829,
    10.79699969291687,
    10.842456579208374,
    11.293338775634766,
    11.143721342086792,
    10.999459028244019,
    10.814678430557251,
    10.666184425354004,
    11.61169719696045,
    10.85976529121399,
    11.199109315872192,
    10.807270050048828,
    10.952765941619873,
    11.321844577789307,
    11.374998807907104,
    11.322107076644897,
    11.416494131088257,
    11.32774567604065,
    11.049761772155762,
    12.361205577850342,
    11.654884099960327,
    11.309605598449707,
    11.607413291931152,
    11.19137978553772,
    10.946000814437866,
    11.302849769592285,
    11.711265087127686,
    11.27102279663086,
    10.960265398025513,
    11.722637414932251,
    11.52374815940857,
    11.288381814956665,
    11.866213321685791,
    11.518572807312012,
    11.236027717590332,
    11.477442264556885,
    11.216914415359497,
    11.266411781311035,
    11.330225706100464,
    11.831714153289795,
    11.667699813842773,
    11.679128646850586,
    11.352267980575562,
    10.874798059463501,
    11.331743478775024,
    11.624531507492065,
    11.387722492218018,
    10.977372884750366,
    10.6988525390625,
    10.635571002960205,
    10.83457350730896,
    11.04663610458374,
    10.92195177078247,
    10.962498664855957,
    10.652088642120361,
    10.721484661102295,
    11.10901141166687,
    11.069534301757812,
    10.880290031433105,
    10.845008134841919,
    10.913053035736084,
    11.024859189987183,
    10.868358612060547,
    10.963369369506836,
    10.942276954650879,
    11.079977989196777,
    11.086303949356079,
    10.930102109909058,
    10.984058618545532,
    11.208714962005615,
    11.431336402893066,
    11.455615282058716,
    11.585500240325928,
    11.675014734268188,
    11.384573698043823,
    11.078372478485107,
    11.897603511810303,
    11.31620979309082,
    11.41274356842041,
    11.215505599975586,
    11.820571899414062,
    11.003470182418823,
    10.735864162445068,
    11.034982442855835,
    11.037167310714722,
    11.638906240463257,
    11.327613830566406,
    11.155455589294434,
    11.283147096633911,
    11.570483207702637,
    11.445454120635986,
    11.15182113647461,
    10.41141963005066,
    11.200433254241943,
    10.908950328826904,
    10.993270635604858,
    10.890270709991455,
    10.93850827217102,
    10.886412858963013,
    10.903868198394775,
    11.339162111282349,
    10.918561935424805,
    10.764214754104614,
    10.96225905418396,
    10.911535024642944,
    10.82626461982727,
    10.747439861297607,
    10.646693706512451,
    10.851021766662598,
    10.64431381225586,
    10.78312373161316,
    10.508807897567749,
    10.579574584960938,
    11.752880334854126,
    12.06991720199585,
    12.574853658676147,
    12.470297574996948,
    12.582794189453125,
    11.747580289840698,
    11.101855993270874,
    11.243404865264893,
    11.218621969223022,
    11.386601209640503,
    11.975419282913208,
    11.660009860992432,
    11.569502115249634,
    11.713138580322266,
    11.92690920829773,
    11.182858228683472,
    10.801944732666016,
    10.911784887313843,
    10.849469900131226,
    11.751622915267944,
    11.229594707489014,
    11.305069208145142,
    11.931597232818604,
    11.496775388717651,
    10.57276463508606,
    11.616093873977661,
    11.608482837677002,
    11.50428318977356,
    11.46066665649414,
