{
  "timestamp": "2025-12-04 09:32:06",
  "best_params": {
    "learning_rate": 0.05,
    "hidden_neurons": 8,
    "epochs": 300,
    "cv_seed": 42
  },
  "cv_accuracy": 94.28571428571429,
  "cv_std": 6.2723523201521365,
  "search_type": "dichotomic",
  "parameter_ranges": {
    "learning_rate": [
      0.01,
      0.05,
      0.1,
      0.15,
      0.2,
      0.25
    ],
    "hidden_neurons": [
      2,
      4,
      6,
      8,
      10,
      12,
      14
    ],
    "epochs": [
      100,
      200,
      300,
      400,
      500
    ]
  }
}