{
  "timestamp": "2025-12-04 12:10:33",
  "best_params": {
    "learning_rate": 0.25,
    "hidden_neurons": 8,
    "epochs": 500,
    "cv_seed": 42
  },
  "cv_accuracy": 95.83333333333334,
  "cv_std": 6.454972243679024,
  "search_type": "dichotomic",
  "parameter_ranges": {
    "learning_rate": [
      0.01,
      0.05,
      0.1,
      0.15,
      0.2,
      0.25
    ],
    "hidden_neurons": [
      2,
      3,
      4,
      6,
      8
    ],
    "epochs": [
      300,
      400,
      500
    ]
  }
}