{
  "timestamp": "2025-12-14 21:20:14",
  "best_params": {
    "learning_rate": 0.08785499999999999,
    "hidden_neurons": 2,
    "epochs": 1048
  },
  "training_accuracy": 95.2892909741216,
  "training_std": 1.5318953962072317,
  "validation_accuracy": 95.06666666666665,
  "validation_std": 4.029888335921981,
  "accuracy_gap": 0.2226243074549501,
  "search_type": "nd_dichotomic",
  "initial_ranges": {
    "learning_rate": [
      0.001,
      0.6
    ],
    "hidden_neurons": [
      2,
      6
    ],
    "epochs": [
      1000,
      2000
    ]
  },
  "total_tests": 450
}