{
  "timestamp": "2025-12-08 00:42:58",
  "n_trials": 200,
  "best_params": {
    "learning_rate": 0.19,
    "hidden_neurons": 4,
    "epochs": 600
  },
  "accuracies": [
    100.0,
    100.0,
    100.0,
    100.0,
    100.0,
    100.0,
    100.0,
    100.0,
    98.61111111111111,
    100.0,
    100.0,
    100.0,
    100.0,
    100.0,
    100.0,
    100.0,
    100.0,
    100.0,
    100.0,
    100.0,
    100.0,
    100.0,
    100.0,
    100.0,
    100.0,
    100.0,
    100.0,
    100.0,
    100.0,
    100.0,
    100.0,
    100.0,
    100.0,
    100.0,
    100.0,
    100.0,
    100.0,
    100.0,
    100.0,
    100.0,
    100.0,
    100.0,
    100.0,
    100.0,
    100.0,
    100.0,
    100.0,
    100.0,
    100.0,
    100.0,
    100.0,
    100.0,
    100.0,
    100.0,
    100.0,
    100.0,
    100.0,
    100.0,
    100.0,
    100.0,
    100.0,
    100.0,
    100.0,
    100.0,
    100.0,
    100.0,
    100.0,
    100.0,
    100.0,
    100.0,
    100.0,
    100.0,
    100.0,
    100.0,
    100.0,
    100.0,
    100.0,
    100.0,
    100.0,
    100.0,
    100.0,
    100.0,
    100.0,
    100.0,
    100.0,
    100.0,
    100.0,
    100.0,
    100.0,
    100.0,
    100.0,
    100.0,
    100.0,
    100.0,
    100.0,
    100.0,
    100.0,
    100.0,
    100.0,
    100.0,
    100.0,
    100.0,
    100.0,
    100.0,
    100.0,
    100.0,
    100.0,
    100.0,
    100.0,
    100.0,
    100.0,
    100.0,
    100.0,
    100.0,
    100.0,
    100.0,
    100.0,
    100.0,
    100.0,
    100.0,
    91.66666666666666,
    100.0,
    100.0,
    100.0,
    100.0,
    100.0,
    100.0,
    100.0,
    100.0,
    100.0,
    100.0,
    100.0,
    100.0,
    100.0,
    100.0,
    100.0,
    100.0,
    100.0,
    100.0,
    100.0,
    100.0,
    100.0,
    100.0,
    100.0,
    100.0,
    100.0,
    100.0,
    100.0,
    100.0,
    100.0,
    100.0,
    100.0,
    100.0,
    100.0,
    100.0,
    100.0,
    100.0,
    100.0,
    100.0,
    100.0,
    100.0,
    100.0,
    100.0,
    100.0,
    100.0,
    100.0,
    100.0,
    100.0,
    100.0,
    100.0,
    100.0,
    97.22222222222221,
    100.0,
    100.0,
    100.0,
    100.0,
    100.0,
    100.0,
    100.0,
    100.0,
    100.0,
    100.0,
    100.0,
    100.0,
    100.0,
    100.0,
    100.0,
    100.0,
    100.0,
    100.0,
    100.0,
    100.0,
    100.0,
    100.0,
    100.0,
    100.0,
    100.0,
    100.0,
    100.0,
    100.0
  ],
  "times": [
    8.156001567840576,
    7.944414854049683,
    8.012667417526245,
    7.945906639099121,
    8.19222354888916,
    8.205892086029053,
    8.43363642692566,
    8.147345781326294,
    8.029743909835815,
    8.08563494682312,
    7.962193250656128,
    8.0942862033844,
    7.99609637260437,
    8.032785177230835,
    8.13032078742981,
    8.098955631256104,
    8.142250776290894,
    8.016985177993774,
    8.057446956634521,
    7.944190502166748,
    8.042698383331299,
    8.005840301513672,
    7.865079402923584,
    7.975229024887085,
    8.000814437866211,
    7.83619499206543,
    7.907003879547119,
    7.790494680404663,
    7.8060479164123535,
    7.820232629776001,
    7.928252220153809,
    7.795517921447754,
    7.801803827285767,
    7.826022624969482,
    7.920780181884766,
    7.930407285690308,
    7.825324058532715,
    7.902633905410767,
    7.907690525054932,
    7.916942596435547,
    7.7302844524383545,
    7.773151397705078,
    7.7936110496521,
    7.700909614562988,
    7.830861568450928,
    7.672987222671509,
    8.031896352767944,
    7.980552673339844,
    7.827595233917236,
    7.843022346496582,
    7.816043138504028,
    8.001819133758545,
    7.774180889129639,
    7.747333288192749,
    7.888108730316162,
    7.951123237609863,
    8.041419982910156,
    8.039932250976562,
    8.04329800605774,
    7.9261250495910645,
    7.881516695022583,
    8.155921220779419,
    7.950208902359009,
    7.908872842788696,
    7.833351135253906,
    7.837800025939941,
    7.910320520401001,
    7.798473358154297,
    7.922216892242432,
    8.245050191879272,
    7.882440805435181,
    7.829295873641968,
    7.757483243942261,
    7.9443678855896,
    7.796926975250244,
    7.861059665679932,
    8.004859924316406,
    7.818915605545044,
    7.784600019454956,
    7.70131516456604,
    7.748027563095093,
    7.916063070297241,
    7.896462440490723,
    7.779186010360718,
    7.75195050239563,
    7.724149703979492,
    7.734395265579224,
    7.720157146453857,
    7.824988603591919,
    7.823153018951416,
    7.791743278503418,
    7.7828452587127686,
    7.768468379974365,
    7.780750274658203,
    7.8959105014801025,
    7.923814058303833,
    7.939204931259155,
    7.924654960632324,
    7.967421531677246,
    7.967374801635742,
    8.137067317962646,
    8.00997018814087,
    8.004936456680298,
    7.921303987503052,
    7.870740652084351,
    7.99658203125,
    7.908968448638916,
    7.78911828994751,
    7.839725732803345,
    7.811999797821045,
    7.865268707275391,
    7.807039737701416,
    7.8511552810668945,
    7.831580400466919,
    7.806831121444702,
    7.821078538894653,
    7.834681272506714,
    7.937202215194702,
    7.8109965324401855,
    7.861532926559448,
    8.434883117675781,
    7.96426248550415,
    7.994932651519775,
    7.9361865520477295,
    7.999665260314941,
    8.099931478500366,
    7.993474245071411,
    8.082291603088379,
    8.061761140823364,
    7.9594972133636475,
    7.801564693450928,
    7.769989252090454,
    7.896703720092773,
    7.842796325683594,
    7.796374559402466,
    7.760898113250732,
    7.749736309051514,
    8.000903606414795,
    8.071515798568726,
    8.223907232284546,
    8.108229637145996,
    8.068539381027222,
    8.056706666946411,
    8.061410665512085,
    8.1415376663208,
    7.8795952796936035,
    7.991560935974121,
    7.958961248397827,
    7.9904725551605225,
    7.943370342254639,
    7.83336615562439,
    7.845001697540283,
    7.833252429962158,
    7.796762228012085,
    7.854877233505249,
    7.731204986572266,
    7.726824522018433,
    7.736816167831421,
    7.7630860805511475,
    7.896995544433594,
    7.7916905879974365,
    7.761508464813232,
    7.888086557388306,
    7.786178350448608,
    7.799609899520874,
    7.783714294433594,
    7.785979986190796,
    7.770843267440796,
    7.7725749015808105,
    7.804456949234009,
    7.729921340942383,
    7.7448647022247314,
    7.890501022338867,
    7.862183570861816,
    7.734068155288696,
    7.719919443130493,
    7.729085922241211,
    7.822184801101685,
    7.8808863162994385,
    7.745560169219971,
    7.7546913623809814,
    7.83750319480896,
    7.825971841812134,
    8.078168392181396,
    8.00792670249939,
    8.072982549667358,
    8.005934476852417,
    8.026161432266235,
    7.988186836242676,
    7.934190273284912,
    7.889892578125,
    7.981295824050903,
    7.9150707721710205,
    7.8583009243011475,
    7.77059268951416,
    7.802947759628296,
    7.874298334121704,
    7.810250520706177,
    7.845513820648193,
    7.767080068588257
  ],
  "statistics": {
    "mean_accuracy": 99.9375,
    "std_accuracy": 0.6257325953346193,
    "min_accuracy": 91.66666666666666,
    "max_accuracy": 100.0,
    "total_time": 1580.5623681545258,
    "avg_time_per_trial": 7.902811840772629
  }
}