{
  "timestamp": "2025-12-07 15:15:14",
  "n_trials": 50,
  "best_params": {
    "learning_rate": 0.13,
    "hidden_neurons": 6,
    "epochs": 525
  },
  "accuracies": [
    95.83333333333334,
    100.0,
    100.0,
    100.0,
    100.0,
    100.0,
    100.0,
    100.0,
    100.0,
    100.0,
    98.61111111111111,
    100.0,
    100.0,
    100.0,
    100.0,
    98.14814814814815,
    100.0,
    100.0,
    100.0,
    100.0,
    100.0,
    99.30555555555556,
    100.0,
    100.0,
    100.0,
    100.0,
    100.0,
    100.0,
    100.0,
    100.0,
    100.0,
    100.0,
    100.0,
    100.0,
    100.0,
    100.0,
    100.0,
    100.0,
    100.0,
    100.0,
    100.0,
    100.0,
    100.0,
    100.0,
    100.0,
    100.0,
    100.0,
    100.0,
    100.0,
    100.0
  ],
  "times": [
    9.78301191329956,
    9.64083480834961,
    9.565523386001587,
    9.64680027961731,
    9.571100950241089,
    9.44081711769104,
    9.588998794555664,
    9.524257183074951,
    9.476738691329956,
    9.510064363479614,
    9.485732316970825,
    9.572062492370605,
    9.718059062957764,
    9.539673089981079,
    9.576389789581299,
    9.629687070846558,
    9.59008526802063,
    9.584254503250122,
    9.440210580825806,
    9.634332180023193,
    9.484877824783325,
    9.480424404144287,
    9.505086421966553,
    9.557687997817993,
    9.388060569763184,
    9.317907810211182,
    9.797226667404175,
    9.401735544204712,
    9.474269390106201,
    9.513900756835938,
    9.545070886611938,
    9.64605164527893,
    9.492286443710327,
    9.633965730667114,
    9.597147703170776,
    9.621776580810547,
    9.626281499862671,
    9.60492467880249,
    9.592242956161499,
    9.594352006912231,
    9.587949275970459,
    9.633473873138428,
    9.50753664970398,
    9.503352403640747,
    9.524886131286621,
    9.47947382926941,
    9.518286228179932,
    9.617506980895996,
    9.501211404800415,
    9.517406225204468
  ],
  "statistics": {
    "mean_accuracy": 99.83796296296296,
    "std_accuracy": 0.6616484225905749,
    "min_accuracy": 95.83333333333334,
    "max_accuracy": 100.0,
    "total_time": 477.7849943637848,
    "avg_time_per_trial": 9.555699887275695
  }
}